[
  {
    "ISOa3": "DZA",
    "country_name": "Algeria",
    "intermediate_region_code": "",
    "intermediate_region_name": "",
    "subregion_code": "015",
    "subregion_name": "Northern Africa",
    "region_code": "002",
    "region_name": "Africa",
    "global_code": "001",
    "global_name": "World",
    "latitude": "28",
    "longitude": "3"
  },
  {
    "ISOa3": "EGY",
    "country_name": "Egypt",
    "intermediate_region_code": "",
    "intermediate_region_name": "",
    "subregion_code": "015",
    "subregion_name": "Northern Africa",
    "region_code": "002",
    "region_name": "Africa",
    "global_code": "001",
    "global_name": "World",
    "latitude": "27",
    "longitude": "30"
  },
  {
    "ISOa3": "LBY",
    "country_name": "Libya",
    "intermediate_region_code": "",
    "intermediate_region_name": "",
    "subregion_code": "015",
    "subregion_name": "Northern Africa",
    "region_code": "002",
    "region_name": "Africa",
    "global_code": "001",
    "global_name": "World",
    "latitude": "25",
    "longitude": "17"
  },
  {
    "ISOa3": "MAR",
    "country_name": "Morocco",
    "intermediate_region_code": "",
    "intermediate_region_name": "",
    "subregion_code": "015",
    "subregion_name": "Northern Africa",
    "region_code": "002",
    "region_name": "Africa",
    "global_code": "001",
    "global_name": "World",
    "latitude": "32",
    "longitude": "-5"
  },
  {
    "ISOa3": "SDN",
    "country_name": "Sudan",
    "intermediate_region_code": "",
    "intermediate_region_name": "",
    "subregion_code": "015",
    "subregion_name": "Northern Africa",
    "region_code": "002",
    "region_name": "Africa",
    "global_code": "001",
    "global_name": "World",
    "latitude": "15",
    "longitude": "30"
  },
  {
    "ISOa3": "TUN",
    "country_name": "Tunisia",
    "intermediate_region_code": "",
    "intermediate_region_name": "",
    "subregion_code": "015",
    "subregion_name": "Northern Africa",
    "region_code": "002",
    "region_name": "Africa",
    "global_code": "001",
    "global_name": "World",
    "latitude": "34",
    "longitude": "9"
  },
  {
    "ISOa3": "ESH",
    "country_name": "Western Sahara",
    "intermediate_region_code": "",
    "intermediate_region_name": "",
    "subregion_code": "015",
    "subregion_name": "Northern Africa",
    "region_code": "002",
    "region_name": "Africa",
    "global_code": "001",
    "global_name": "World",
    "latitude": "24.5",
    "longitude": "-13"
  },
  {
    "ISOa3": "IOT",
    "country_name": "British Indian Ocean Territory",
    "intermediate_region_code": "014",
    "intermediate_region_name": "Eastern Africa",
    "subregion_code": "202",
    "subregion_name": "Sub-Saharan Africa",
    "region_code": "002",
    "region_name": "Africa",
    "global_code": "001",
    "global_name": "World",
    "latitude": "-6",
    "longitude": "71.5"
  },
  {
    "ISOa3": "BDI",
    "country_name": "Burundi",
    "intermediate_region_code": "014",
    "intermediate_region_name": "Eastern Africa",
    "subregion_code": "202",
    "subregion_name": "Sub-Saharan Africa",
    "region_code": "002",
    "region_name": "Africa",
    "global_code": "001",
    "global_name": "World",
    "latitude": "-3.5",
    "longitude": "30"
  },
  {
    "ISOa3": "COM",
    "country_name": "Comoros",
    "intermediate_region_code": "014",
    "intermediate_region_name": "Eastern Africa",
    "subregion_code": "202",
    "subregion_name": "Sub-Saharan Africa",
    "region_code": "002",
    "region_name": "Africa",
    "global_code": "001",
    "global_name": "World",
    "latitude": "-12.1667",
    "longitude": "44.25"
  },
  {
    "ISOa3": "DJI",
    "country_name": "Djibouti",
    "intermediate_region_code": "014",
    "intermediate_region_name": "Eastern Africa",
    "subregion_code": "202",
    "subregion_name": "Sub-Saharan Africa",
    "region_code": "002",
    "region_name": "Africa",
    "global_code": "001",
    "global_name": "World",
    "latitude": "11.5",
    "longitude": "43"
  },
  {
    "ISOa3": "ERI",
    "country_name": "Eritrea",
    "intermediate_region_code": "014",
    "intermediate_region_name": "Eastern Africa",
    "subregion_code": "202",
    "subregion_name": "Sub-Saharan Africa",
    "region_code": "002",
    "region_name": "Africa",
    "global_code": "001",
    "global_name": "World",
    "latitude": "15",
    "longitude": "39"
  },
  {
    "ISOa3": "ETH",
    "country_name": "Ethiopia",
    "intermediate_region_code": "014",
    "intermediate_region_name": "Eastern Africa",
    "subregion_code": "202",
    "subregion_name": "Sub-Saharan Africa",
    "region_code": "002",
    "region_name": "Africa",
    "global_code": "001",
    "global_name": "World",
    "latitude": "8",
    "longitude": "38"
  },
  {
    "ISOa3": "ATF",
    "country_name": "French Southern Territories",
    "intermediate_region_code": "014",
    "intermediate_region_name": "Eastern Africa",
    "subregion_code": "202",
    "subregion_name": "Sub-Saharan Africa",
    "region_code": "002",
    "region_name": "Africa",
    "global_code": "001",
    "global_name": "World",
    "latitude": "-43",
    "longitude": "67"
  },
  {
    "ISOa3": "KEN",
    "country_name": "Kenya",
    "intermediate_region_code": "014",
    "intermediate_region_name": "Eastern Africa",
    "subregion_code": "202",
    "subregion_name": "Sub-Saharan Africa",
    "region_code": "002",
    "region_name": "Africa",
    "global_code": "001",
    "global_name": "World",
    "latitude": "1",
    "longitude": "38"
  },
  {
    "ISOa3": "MDG",
    "country_name": "Madagascar",
    "intermediate_region_code": "014",
    "intermediate_region_name": "Eastern Africa",
    "subregion_code": "202",
    "subregion_name": "Sub-Saharan Africa",
    "region_code": "002",
    "region_name": "Africa",
    "global_code": "001",
    "global_name": "World",
    "latitude": "-20",
    "longitude": "47"
  },
  {
    "ISOa3": "MWI",
    "country_name": "Malawi",
    "intermediate_region_code": "014",
    "intermediate_region_name": "Eastern Africa",
    "subregion_code": "202",
    "subregion_name": "Sub-Saharan Africa",
    "region_code": "002",
    "region_name": "Africa",
    "global_code": "001",
    "global_name": "World",
    "latitude": "-13.5",
    "longitude": "34"
  },
  {
    "ISOa3": "MUS",
    "country_name": "Mauritius",
    "intermediate_region_code": "014",
    "intermediate_region_name": "Eastern Africa",
    "subregion_code": "202",
    "subregion_name": "Sub-Saharan Africa",
    "region_code": "002",
    "region_name": "Africa",
    "global_code": "001",
    "global_name": "World",
    "latitude": "-20.2833",
    "longitude": "57.55"
  },
  {
    "ISOa3": "MYT",
    "country_name": "Mayotte",
    "intermediate_region_code": "014",
    "intermediate_region_name": "Eastern Africa",
    "subregion_code": "202",
    "subregion_name": "Sub-Saharan Africa",
    "region_code": "002",
    "region_name": "Africa",
    "global_code": "001",
    "global_name": "World",
    "latitude": "-12.8333",
    "longitude": "45.1667"
  },
  {
    "ISOa3": "MOZ",
    "country_name": "Mozambique",
    "intermediate_region_code": "014",
    "intermediate_region_name": "Eastern Africa",
    "subregion_code": "202",
    "subregion_name": "Sub-Saharan Africa",
    "region_code": "002",
    "region_name": "Africa",
    "global_code": "001",
    "global_name": "World",
    "latitude": "-18.25",
    "longitude": "35"
  },
  {
    "ISOa3": "REU",
    "country_name": "Réunion",
    "intermediate_region_code": "014",
    "intermediate_region_name": "Eastern Africa",
    "subregion_code": "202",
    "subregion_name": "Sub-Saharan Africa",
    "region_code": "002",
    "region_name": "Africa",
    "global_code": "001",
    "global_name": "World",
    "latitude": "-21.1",
    "longitude": "55.6"
  },
  {
    "ISOa3": "RWA",
    "country_name": "Rwanda",
    "intermediate_region_code": "014",
    "intermediate_region_name": "Eastern Africa",
    "subregion_code": "202",
    "subregion_name": "Sub-Saharan Africa",
    "region_code": "002",
    "region_name": "Africa",
    "global_code": "001",
    "global_name": "World",
    "latitude": "-2",
    "longitude": "30"
  },
  {
    "ISOa3": "SYC",
    "country_name": "Seychelles",
    "intermediate_region_code": "014",
    "intermediate_region_name": "Eastern Africa",
    "subregion_code": "202",
    "subregion_name": "Sub-Saharan Africa",
    "region_code": "002",
    "region_name": "Africa",
    "global_code": "001",
    "global_name": "World",
    "latitude": "-4.5833",
    "longitude": "55.6667"
  },
  {
    "ISOa3": "SOM",
    "country_name": "Somalia",
    "intermediate_region_code": "014",
    "intermediate_region_name": "Eastern Africa",
    "subregion_code": "202",
    "subregion_name": "Sub-Saharan Africa",
    "region_code": "002",
    "region_name": "Africa",
    "global_code": "001",
    "global_name": "World",
    "latitude": "10",
    "longitude": "49"
  },
  {
    "ISOa3": "SSD",
    "country_name": "South Sudan",
    "intermediate_region_code": "014",
    "intermediate_region_name": "Eastern Africa",
    "subregion_code": "202",
    "subregion_name": "Sub-Saharan Africa",
    "region_code": "002",
    "region_name": "Africa",
    "global_code": "001",
    "global_name": "World",
    "latitude": "0",
    "longitude": "0"
  },
  {
    "ISOa3": "UGA",
    "country_name": "Uganda",
    "intermediate_region_code": "014",
    "intermediate_region_name": "Eastern Africa",
    "subregion_code": "202",
    "subregion_name": "Sub-Saharan Africa",
    "region_code": "002",
    "region_name": "Africa",
    "global_code": "001",
    "global_name": "World",
    "latitude": "1",
    "longitude": "32"
  },
  {
    "ISOa3": "TZA",
    "country_name": "United Republic of Tanzania",
    "intermediate_region_code": "014",
    "intermediate_region_name": "Eastern Africa",
    "subregion_code": "202",
    "subregion_name": "Sub-Saharan Africa",
    "region_code": "002",
    "region_name": "Africa",
    "global_code": "001",
    "global_name": "World",
    "latitude": "-6",
    "longitude": "35"
  },
  {
    "ISOa3": "ZMB",
    "country_name": "Zambia",
    "intermediate_region_code": "014",
    "intermediate_region_name": "Eastern Africa",
    "subregion_code": "202",
    "subregion_name": "Sub-Saharan Africa",
    "region_code": "002",
    "region_name": "Africa",
    "global_code": "001",
    "global_name": "World",
    "latitude": "-15",
    "longitude": "30"
  },
  {
    "ISOa3": "ZWE",
    "country_name": "Zimbabwe",
    "intermediate_region_code": "014",
    "intermediate_region_name": "Eastern Africa",
    "subregion_code": "202",
    "subregion_name": "Sub-Saharan Africa",
    "region_code": "002",
    "region_name": "Africa",
    "global_code": "001",
    "global_name": "World",
    "latitude": "-20",
    "longitude": "30"
  },
  {
    "ISOa3": "AGO",
    "country_name": "Angola",
    "intermediate_region_code": "017",
    "intermediate_region_name": "Middle Africa",
    "subregion_code": "202",
    "subregion_name": "Sub-Saharan Africa",
    "region_code": "002",
    "region_name": "Africa",
    "global_code": "001",
    "global_name": "World",
    "latitude": "-12.5",
    "longitude": "18.5"
  },
  {
    "ISOa3": "CMR",
    "country_name": "Cameroon",
    "intermediate_region_code": "017",
    "intermediate_region_name": "Middle Africa",
    "subregion_code": "202",
    "subregion_name": "Sub-Saharan Africa",
    "region_code": "002",
    "region_name": "Africa",
    "global_code": "001",
    "global_name": "World",
    "latitude": "6",
    "longitude": "12"
  },
  {
    "ISOa3": "CAF",
    "country_name": "Central African Republic",
    "intermediate_region_code": "017",
    "intermediate_region_name": "Middle Africa",
    "subregion_code": "202",
    "subregion_name": "Sub-Saharan Africa",
    "region_code": "002",
    "region_name": "Africa",
    "global_code": "001",
    "global_name": "World",
    "latitude": "7",
    "longitude": "21"
  },
  {
    "ISOa3": "TCD",
    "country_name": "Chad",
    "intermediate_region_code": "017",
    "intermediate_region_name": "Middle Africa",
    "subregion_code": "202",
    "subregion_name": "Sub-Saharan Africa",
    "region_code": "002",
    "region_name": "Africa",
    "global_code": "001",
    "global_name": "World",
    "latitude": "15",
    "longitude": "19"
  },
  {
    "ISOa3": "COG",
    "country_name": "Congo",
    "intermediate_region_code": "017",
    "intermediate_region_name": "Middle Africa",
    "subregion_code": "202",
    "subregion_name": "Sub-Saharan Africa",
    "region_code": "002",
    "region_name": "Africa",
    "global_code": "001",
    "global_name": "World",
    "latitude": "-1",
    "longitude": "15"
  },
  {
    "ISOa3": "COD",
    "country_name": "Democratic Republic of the Congo",
    "intermediate_region_code": "017",
    "intermediate_region_name": "Middle Africa",
    "subregion_code": "202",
    "subregion_name": "Sub-Saharan Africa",
    "region_code": "002",
    "region_name": "Africa",
    "global_code": "001",
    "global_name": "World",
    "latitude": "0",
    "longitude": "25"
  },
  {
    "ISOa3": "GNQ",
    "country_name": "Equatorial Guinea",
    "intermediate_region_code": "017",
    "intermediate_region_name": "Middle Africa",
    "subregion_code": "202",
    "subregion_name": "Sub-Saharan Africa",
    "region_code": "002",
    "region_name": "Africa",
    "global_code": "001",
    "global_name": "World",
    "latitude": "2",
    "longitude": "10"
  },
  {
    "ISOa3": "GAB",
    "country_name": "Gabon",
    "intermediate_region_code": "017",
    "intermediate_region_name": "Middle Africa",
    "subregion_code": "202",
    "subregion_name": "Sub-Saharan Africa",
    "region_code": "002",
    "region_name": "Africa",
    "global_code": "001",
    "global_name": "World",
    "latitude": "-1",
    "longitude": "11.75"
  },
  {
    "ISOa3": "STP",
    "country_name": "Sao Tome and Principe",
    "intermediate_region_code": "017",
    "intermediate_region_name": "Middle Africa",
    "subregion_code": "202",
    "subregion_name": "Sub-Saharan Africa",
    "region_code": "002",
    "region_name": "Africa",
    "global_code": "001",
    "global_name": "World",
    "latitude": "1",
    "longitude": "7"
  },
  {
    "ISOa3": "BWA",
    "country_name": "Botswana",
    "intermediate_region_code": "018",
    "intermediate_region_name": "Southern Africa",
    "subregion_code": "202",
    "subregion_name": "Sub-Saharan Africa",
    "region_code": "002",
    "region_name": "Africa",
    "global_code": "001",
    "global_name": "World",
    "latitude": "-22",
    "longitude": "24"
  },
  {
    "ISOa3": "LSO",
    "country_name": "Lesotho",
    "intermediate_region_code": "018",
    "intermediate_region_name": "Southern Africa",
    "subregion_code": "202",
    "subregion_name": "Sub-Saharan Africa",
    "region_code": "002",
    "region_name": "Africa",
    "global_code": "001",
    "global_name": "World",
    "latitude": "-29.5",
    "longitude": "28.5"
  },
  {
    "ISOa3": "NAM",
    "country_name": "Namibia",
    "intermediate_region_code": "018",
    "intermediate_region_name": "Southern Africa",
    "subregion_code": "202",
    "subregion_name": "Sub-Saharan Africa",
    "region_code": "002",
    "region_name": "Africa",
    "global_code": "001",
    "global_name": "World",
    "latitude": "-22",
    "longitude": "17"
  },
  {
    "ISOa3": "ZAF",
    "country_name": "South Africa",
    "intermediate_region_code": "018",
    "intermediate_region_name": "Southern Africa",
    "subregion_code": "202",
    "subregion_name": "Sub-Saharan Africa",
    "region_code": "002",
    "region_name": "Africa",
    "global_code": "001",
    "global_name": "World",
    "latitude": "-29",
    "longitude": "24"
  },
  {
    "ISOa3": "SWZ",
    "country_name": "Swaziland",
    "intermediate_region_code": "018",
    "intermediate_region_name": "Southern Africa",
    "subregion_code": "202",
    "subregion_name": "Sub-Saharan Africa",
    "region_code": "002",
    "region_name": "Africa",
    "global_code": "001",
    "global_name": "World",
    "latitude": "-26.5",
    "longitude": "31.5"
  },
  {
    "ISOa3": "BEN",
    "country_name": "Benin",
    "intermediate_region_code": "011",
    "intermediate_region_name": "Western Africa",
    "subregion_code": "202",
    "subregion_name": "Sub-Saharan Africa",
    "region_code": "002",
    "region_name": "Africa",
    "global_code": "001",
    "global_name": "World",
    "latitude": "9.5",
    "longitude": "2.25"
  },
  {
    "ISOa3": "BFA",
    "country_name": "Burkina Faso",
    "intermediate_region_code": "011",
    "intermediate_region_name": "Western Africa",
    "subregion_code": "202",
    "subregion_name": "Sub-Saharan Africa",
    "region_code": "002",
    "region_name": "Africa",
    "global_code": "001",
    "global_name": "World",
    "latitude": "13",
    "longitude": "-2"
  },
  {
    "ISOa3": "CPV",
    "country_name": "Cabo Verde",
    "intermediate_region_code": "011",
    "intermediate_region_name": "Western Africa",
    "subregion_code": "202",
    "subregion_name": "Sub-Saharan Africa",
    "region_code": "002",
    "region_name": "Africa",
    "global_code": "001",
    "global_name": "World",
    "latitude": "16",
    "longitude": "-24"
  },
  {
    "ISOa3": "CIV",
    "country_name": "Côte d'Ivoire",
    "intermediate_region_code": "011",
    "intermediate_region_name": "Western Africa",
    "subregion_code": "202",
    "subregion_name": "Sub-Saharan Africa",
    "region_code": "002",
    "region_name": "Africa",
    "global_code": "001",
    "global_name": "World",
    "latitude": "8",
    "longitude": "-5"
  },
  {
    "ISOa3": "GMB",
    "country_name": "Gambia",
    "intermediate_region_code": "011",
    "intermediate_region_name": "Western Africa",
    "subregion_code": "202",
    "subregion_name": "Sub-Saharan Africa",
    "region_code": "002",
    "region_name": "Africa",
    "global_code": "001",
    "global_name": "World",
    "latitude": "13.4667",
    "longitude": "-16.5667"
  },
  {
    "ISOa3": "GHA",
    "country_name": "Ghana",
    "intermediate_region_code": "011",
    "intermediate_region_name": "Western Africa",
    "subregion_code": "202",
    "subregion_name": "Sub-Saharan Africa",
    "region_code": "002",
    "region_name": "Africa",
    "global_code": "001",
    "global_name": "World",
    "latitude": "8",
    "longitude": "-2"
  },
  {
    "ISOa3": "GIN",
    "country_name": "Guinea",
    "intermediate_region_code": "011",
    "intermediate_region_name": "Western Africa",
    "subregion_code": "202",
    "subregion_name": "Sub-Saharan Africa",
    "region_code": "002",
    "region_name": "Africa",
    "global_code": "001",
    "global_name": "World",
    "latitude": "11",
    "longitude": "-10"
  },
  {
    "ISOa3": "GNB",
    "country_name": "Guinea-Bissau",
    "intermediate_region_code": "011",
    "intermediate_region_name": "Western Africa",
    "subregion_code": "202",
    "subregion_name": "Sub-Saharan Africa",
    "region_code": "002",
    "region_name": "Africa",
    "global_code": "001",
    "global_name": "World",
    "latitude": "12",
    "longitude": "-15"
  },
  {
    "ISOa3": "LBR",
    "country_name": "Liberia",
    "intermediate_region_code": "011",
    "intermediate_region_name": "Western Africa",
    "subregion_code": "202",
    "subregion_name": "Sub-Saharan Africa",
    "region_code": "002",
    "region_name": "Africa",
    "global_code": "001",
    "global_name": "World",
    "latitude": "6.5",
    "longitude": "-9.5"
  },
  {
    "ISOa3": "MLI",
    "country_name": "Mali",
    "intermediate_region_code": "011",
    "intermediate_region_name": "Western Africa",
    "subregion_code": "202",
    "subregion_name": "Sub-Saharan Africa",
    "region_code": "002",
    "region_name": "Africa",
    "global_code": "001",
    "global_name": "World",
    "latitude": "17",
    "longitude": "-4"
  },
  {
    "ISOa3": "MRT",
    "country_name": "Mauritania",
    "intermediate_region_code": "011",
    "intermediate_region_name": "Western Africa",
    "subregion_code": "202",
    "subregion_name": "Sub-Saharan Africa",
    "region_code": "002",
    "region_name": "Africa",
    "global_code": "001",
    "global_name": "World",
    "latitude": "20",
    "longitude": "-12"
  },
  {
    "ISOa3": "NER",
    "country_name": "Niger",
    "intermediate_region_code": "011",
    "intermediate_region_name": "Western Africa",
    "subregion_code": "202",
    "subregion_name": "Sub-Saharan Africa",
    "region_code": "002",
    "region_name": "Africa",
    "global_code": "001",
    "global_name": "World",
    "latitude": "16",
    "longitude": "8"
  },
  {
    "ISOa3": "NGA",
    "country_name": "Nigeria",
    "intermediate_region_code": "011",
    "intermediate_region_name": "Western Africa",
    "subregion_code": "202",
    "subregion_name": "Sub-Saharan Africa",
    "region_code": "002",
    "region_name": "Africa",
    "global_code": "001",
    "global_name": "World",
    "latitude": "10",
    "longitude": "8"
  },
  {
    "ISOa3": "SHN",
    "country_name": "Saint Helena",
    "intermediate_region_code": "011",
    "intermediate_region_name": "Western Africa",
    "subregion_code": "202",
    "subregion_name": "Sub-Saharan Africa",
    "region_code": "002",
    "region_name": "Africa",
    "global_code": "001",
    "global_name": "World",
    "latitude": "-15.9333",
    "longitude": "-5.7"
  },
  {
    "ISOa3": "SEN",
    "country_name": "Senegal",
    "intermediate_region_code": "011",
    "intermediate_region_name": "Western Africa",
    "subregion_code": "202",
    "subregion_name": "Sub-Saharan Africa",
    "region_code": "002",
    "region_name": "Africa",
    "global_code": "001",
    "global_name": "World",
    "latitude": "14",
    "longitude": "-14"
  },
  {
    "ISOa3": "SLE",
    "country_name": "Sierra Leone",
    "intermediate_region_code": "011",
    "intermediate_region_name": "Western Africa",
    "subregion_code": "202",
    "subregion_name": "Sub-Saharan Africa",
    "region_code": "002",
    "region_name": "Africa",
    "global_code": "001",
    "global_name": "World",
    "latitude": "8.5",
    "longitude": "-11.5"
  },
  {
    "ISOa3": "TGO",
    "country_name": "Togo",
    "intermediate_region_code": "011",
    "intermediate_region_name": "Western Africa",
    "subregion_code": "202",
    "subregion_name": "Sub-Saharan Africa",
    "region_code": "002",
    "region_name": "Africa",
    "global_code": "001",
    "global_name": "World",
    "latitude": "8",
    "longitude": "1.1667"
  },
  {
    "ISOa3": "AIA",
    "country_name": "Anguilla",
    "intermediate_region_code": "029",
    "intermediate_region_name": "Caribbean",
    "subregion_code": "419",
    "subregion_name": "Latin America and the Caribbean",
    "region_code": "019",
    "region_name": "Americas",
    "global_code": "001",
    "global_name": "World",
    "latitude": "18.25",
    "longitude": "-63.1667"
  },
  {
    "ISOa3": "ATG",
    "country_name": "Antigua and Barbuda",
    "intermediate_region_code": "029",
    "intermediate_region_name": "Caribbean",
    "subregion_code": "419",
    "subregion_name": "Latin America and the Caribbean",
    "region_code": "019",
    "region_name": "Americas",
    "global_code": "001",
    "global_name": "World",
    "latitude": "17.05",
    "longitude": "-61.8"
  },
  {
    "ISOa3": "ABW",
    "country_name": "Aruba",
    "intermediate_region_code": "029",
    "intermediate_region_name": "Caribbean",
    "subregion_code": "419",
    "subregion_name": "Latin America and the Caribbean",
    "region_code": "019",
    "region_name": "Americas",
    "global_code": "001",
    "global_name": "World",
    "latitude": "12.5",
    "longitude": "-69.9667"
  },
  {
    "ISOa3": "BHS",
    "country_name": "Bahamas",
    "intermediate_region_code": "029",
    "intermediate_region_name": "Caribbean",
    "subregion_code": "419",
    "subregion_name": "Latin America and the Caribbean",
    "region_code": "019",
    "region_name": "Americas",
    "global_code": "001",
    "global_name": "World",
    "latitude": "24.25",
    "longitude": "-76"
  },
  {
    "ISOa3": "BRB",
    "country_name": "Barbados",
    "intermediate_region_code": "029",
    "intermediate_region_name": "Caribbean",
    "subregion_code": "419",
    "subregion_name": "Latin America and the Caribbean",
    "region_code": "019",
    "region_name": "Americas",
    "global_code": "001",
    "global_name": "World",
    "latitude": "13.1667",
    "longitude": "-59.5333"
  },
  {
    "ISOa3": "BES",
    "country_name": "Bonaire, Sint Eustatius and Saba",
    "intermediate_region_code": "029",
    "intermediate_region_name": "Caribbean",
    "subregion_code": "419",
    "subregion_name": "Latin America and the Caribbean",
    "region_code": "019",
    "region_name": "Americas",
    "global_code": "001",
    "global_name": "World",
    "latitude": "0",
    "longitude": "0"
  },
  {
    "ISOa3": "VGB",
    "country_name": "British Virgin Islands",
    "intermediate_region_code": "029",
    "intermediate_region_name": "Caribbean",
    "subregion_code": "419",
    "subregion_name": "Latin America and the Caribbean",
    "region_code": "019",
    "region_name": "Americas",
    "global_code": "001",
    "global_name": "World",
    "latitude": "18.5",
    "longitude": "-64.5"
  },
  {
    "ISOa3": "CYM",
    "country_name": "Cayman Islands",
    "intermediate_region_code": "029",
    "intermediate_region_name": "Caribbean",
    "subregion_code": "419",
    "subregion_name": "Latin America and the Caribbean",
    "region_code": "019",
    "region_name": "Americas",
    "global_code": "001",
    "global_name": "World",
    "latitude": "19.5",
    "longitude": "-80.5"
  },
  {
    "ISOa3": "CUB",
    "country_name": "Cuba",
    "intermediate_region_code": "029",
    "intermediate_region_name": "Caribbean",
    "subregion_code": "419",
    "subregion_name": "Latin America and the Caribbean",
    "region_code": "019",
    "region_name": "Americas",
    "global_code": "001",
    "global_name": "World",
    "latitude": "21.5",
    "longitude": "-80"
  },
  {
    "ISOa3": "CUW",
    "country_name": "Curaçao",
    "intermediate_region_code": "029",
    "intermediate_region_name": "Caribbean",
    "subregion_code": "419",
    "subregion_name": "Latin America and the Caribbean",
    "region_code": "019",
    "region_name": "Americas",
    "global_code": "001",
    "global_name": "World",
    "latitude": "0",
    "longitude": "0"
  },
  {
    "ISOa3": "DMA",
    "country_name": "Dominica",
    "intermediate_region_code": "029",
    "intermediate_region_name": "Caribbean",
    "subregion_code": "419",
    "subregion_name": "Latin America and the Caribbean",
    "region_code": "019",
    "region_name": "Americas",
    "global_code": "001",
    "global_name": "World",
    "latitude": "15.4167",
    "longitude": "-61.3333"
  },
  {
    "ISOa3": "DOM",
    "country_name": "Dominican Republic",
    "intermediate_region_code": "029",
    "intermediate_region_name": "Caribbean",
    "subregion_code": "419",
    "subregion_name": "Latin America and the Caribbean",
    "region_code": "019",
    "region_name": "Americas",
    "global_code": "001",
    "global_name": "World",
    "latitude": "19",
    "longitude": "-70.6667"
  },
  {
    "ISOa3": "GRD",
    "country_name": "Grenada",
    "intermediate_region_code": "029",
    "intermediate_region_name": "Caribbean",
    "subregion_code": "419",
    "subregion_name": "Latin America and the Caribbean",
    "region_code": "019",
    "region_name": "Americas",
    "global_code": "001",
    "global_name": "World",
    "latitude": "12.1167",
    "longitude": "-61.6667"
  },
  {
    "ISOa3": "GLP",
    "country_name": "Guadeloupe",
    "intermediate_region_code": "029",
    "intermediate_region_name": "Caribbean",
    "subregion_code": "419",
    "subregion_name": "Latin America and the Caribbean",
    "region_code": "019",
    "region_name": "Americas",
    "global_code": "001",
    "global_name": "World",
    "latitude": "16.25",
    "longitude": "-61.5833"
  },
  {
    "ISOa3": "HTI",
    "country_name": "Haiti",
    "intermediate_region_code": "029",
    "intermediate_region_name": "Caribbean",
    "subregion_code": "419",
    "subregion_name": "Latin America and the Caribbean",
    "region_code": "019",
    "region_name": "Americas",
    "global_code": "001",
    "global_name": "World",
    "latitude": "19",
    "longitude": "-72.4167"
  },
  {
    "ISOa3": "JAM",
    "country_name": "Jamaica",
    "intermediate_region_code": "029",
    "intermediate_region_name": "Caribbean",
    "subregion_code": "419",
    "subregion_name": "Latin America and the Caribbean",
    "region_code": "019",
    "region_name": "Americas",
    "global_code": "001",
    "global_name": "World",
    "latitude": "18.25",
    "longitude": "-77.5"
  },
  {
    "ISOa3": "MTQ",
    "country_name": "Martinique",
    "intermediate_region_code": "029",
    "intermediate_region_name": "Caribbean",
    "subregion_code": "419",
    "subregion_name": "Latin America and the Caribbean",
    "region_code": "019",
    "region_name": "Americas",
    "global_code": "001",
    "global_name": "World",
    "latitude": "14.6667",
    "longitude": "-61"
  },
  {
    "ISOa3": "MSR",
    "country_name": "Montserrat",
    "intermediate_region_code": "029",
    "intermediate_region_name": "Caribbean",
    "subregion_code": "419",
    "subregion_name": "Latin America and the Caribbean",
    "region_code": "019",
    "region_name": "Americas",
    "global_code": "001",
    "global_name": "World",
    "latitude": "16.75",
    "longitude": "-62.2"
  },
  {
    "ISOa3": "PRI",
    "country_name": "Puerto Rico",
    "intermediate_region_code": "029",
    "intermediate_region_name": "Caribbean",
    "subregion_code": "419",
    "subregion_name": "Latin America and the Caribbean",
    "region_code": "019",
    "region_name": "Americas",
    "global_code": "001",
    "global_name": "World",
    "latitude": "18.25",
    "longitude": "-66.5"
  },
  {
    "ISOa3": "BLM",
    "country_name": "Saint Barthélemy",
    "intermediate_region_code": "029",
    "intermediate_region_name": "Caribbean",
    "subregion_code": "419",
    "subregion_name": "Latin America and the Caribbean",
    "region_code": "019",
    "region_name": "Americas",
    "global_code": "001",
    "global_name": "World",
    "latitude": "0",
    "longitude": "0"
  },
  {
    "ISOa3": "KNA",
    "country_name": "Saint Kitts and Nevis",
    "intermediate_region_code": "029",
    "intermediate_region_name": "Caribbean",
    "subregion_code": "419",
    "subregion_name": "Latin America and the Caribbean",
    "region_code": "019",
    "region_name": "Americas",
    "global_code": "001",
    "global_name": "World",
    "latitude": "17.3333",
    "longitude": "-62.75"
  },
  {
    "ISOa3": "LCA",
    "country_name": "Saint Lucia",
    "intermediate_region_code": "029",
    "intermediate_region_name": "Caribbean",
    "subregion_code": "419",
    "subregion_name": "Latin America and the Caribbean",
    "region_code": "019",
    "region_name": "Americas",
    "global_code": "001",
    "global_name": "World",
    "latitude": "13.8833",
    "longitude": "-61.1333"
  },
  {
    "ISOa3": "MAF",
    "country_name": "Saint Martin (French Part)",
    "intermediate_region_code": "029",
    "intermediate_region_name": "Caribbean",
    "subregion_code": "419",
    "subregion_name": "Latin America and the Caribbean",
    "region_code": "019",
    "region_name": "Americas",
    "global_code": "001",
    "global_name": "World",
    "latitude": "0",
    "longitude": "0"
  },
  {
    "ISOa3": "VCT",
    "country_name": "Saint Vincent and the Grenadines",
    "intermediate_region_code": "029",
    "intermediate_region_name": "Caribbean",
    "subregion_code": "419",
    "subregion_name": "Latin America and the Caribbean",
    "region_code": "019",
    "region_name": "Americas",
    "global_code": "001",
    "global_name": "World",
    "latitude": "13.25",
    "longitude": "-61.2"
  },
  {
    "ISOa3": "SXM",
    "country_name": "Sint Maarten (Dutch part)",
    "intermediate_region_code": "029",
    "intermediate_region_name": "Caribbean",
    "subregion_code": "419",
    "subregion_name": "Latin America and the Caribbean",
    "region_code": "019",
    "region_name": "Americas",
    "global_code": "001",
    "global_name": "World",
    "latitude": "0",
    "longitude": "0"
  },
  {
    "ISOa3": "TTO",
    "country_name": "Trinidad and Tobago",
    "intermediate_region_code": "029",
    "intermediate_region_name": "Caribbean",
    "subregion_code": "419",
    "subregion_name": "Latin America and the Caribbean",
    "region_code": "019",
    "region_name": "Americas",
    "global_code": "001",
    "global_name": "World",
    "latitude": "11",
    "longitude": "-61"
  },
  {
    "ISOa3": "TCA",
    "country_name": "Turks and Caicos Islands",
    "intermediate_region_code": "029",
    "intermediate_region_name": "Caribbean",
    "subregion_code": "419",
    "subregion_name": "Latin America and the Caribbean",
    "region_code": "019",
    "region_name": "Americas",
    "global_code": "001",
    "global_name": "World",
    "latitude": "21.75",
    "longitude": "-71.5833"
  },
  {
    "ISOa3": "VIR",
    "country_name": "United States Virgin Islands",
    "intermediate_region_code": "029",
    "intermediate_region_name": "Caribbean",
    "subregion_code": "419",
    "subregion_name": "Latin America and the Caribbean",
    "region_code": "019",
    "region_name": "Americas",
    "global_code": "001",
    "global_name": "World",
    "latitude": "18.3333",
    "longitude": "-64.8333"
  },
  {
    "ISOa3": "BLZ",
    "country_name": "Belize",
    "intermediate_region_code": "013",
    "intermediate_region_name": "Central America",
    "subregion_code": "419",
    "subregion_name": "Latin America and the Caribbean",
    "region_code": "019",
    "region_name": "Americas",
    "global_code": "001",
    "global_name": "World",
    "latitude": "17.25",
    "longitude": "-88.75"
  },
  {
    "ISOa3": "CRI",
    "country_name": "Costa Rica",
    "intermediate_region_code": "013",
    "intermediate_region_name": "Central America",
    "subregion_code": "419",
    "subregion_name": "Latin America and the Caribbean",
    "region_code": "019",
    "region_name": "Americas",
    "global_code": "001",
    "global_name": "World",
    "latitude": "10",
    "longitude": "-84"
  },
  {
    "ISOa3": "SLV",
    "country_name": "El Salvador",
    "intermediate_region_code": "013",
    "intermediate_region_name": "Central America",
    "subregion_code": "419",
    "subregion_name": "Latin America and the Caribbean",
    "region_code": "019",
    "region_name": "Americas",
    "global_code": "001",
    "global_name": "World",
    "latitude": "13.8333",
    "longitude": "-88.9167"
  },
  {
    "ISOa3": "GTM",
    "country_name": "Guatemala",
    "intermediate_region_code": "013",
    "intermediate_region_name": "Central America",
    "subregion_code": "419",
    "subregion_name": "Latin America and the Caribbean",
    "region_code": "019",
    "region_name": "Americas",
    "global_code": "001",
    "global_name": "World",
    "latitude": "15.5",
    "longitude": "-90.25"
  },
  {
    "ISOa3": "HND",
    "country_name": "Honduras",
    "intermediate_region_code": "013",
    "intermediate_region_name": "Central America",
    "subregion_code": "419",
    "subregion_name": "Latin America and the Caribbean",
    "region_code": "019",
    "region_name": "Americas",
    "global_code": "001",
    "global_name": "World",
    "latitude": "15",
    "longitude": "-86.5"
  },
  {
    "ISOa3": "MEX",
    "country_name": "Mexico",
    "intermediate_region_code": "013",
    "intermediate_region_name": "Central America",
    "subregion_code": "419",
    "subregion_name": "Latin America and the Caribbean",
    "region_code": "019",
    "region_name": "Americas",
    "global_code": "001",
    "global_name": "World",
    "latitude": "23",
    "longitude": "-102"
  },
  {
    "ISOa3": "NIC",
    "country_name": "Nicaragua",
    "intermediate_region_code": "013",
    "intermediate_region_name": "Central America",
    "subregion_code": "419",
    "subregion_name": "Latin America and the Caribbean",
    "region_code": "019",
    "region_name": "Americas",
    "global_code": "001",
    "global_name": "World",
    "latitude": "13",
    "longitude": "-85"
  },
  {
    "ISOa3": "PAN",
    "country_name": "Panama",
    "intermediate_region_code": "013",
    "intermediate_region_name": "Central America",
    "subregion_code": "419",
    "subregion_name": "Latin America and the Caribbean",
    "region_code": "019",
    "region_name": "Americas",
    "global_code": "001",
    "global_name": "World",
    "latitude": "9",
    "longitude": "-80"
  },
  {
    "ISOa3": "ARG",
    "country_name": "Argentina",
    "intermediate_region_code": "005",
    "intermediate_region_name": "South America",
    "subregion_code": "419",
    "subregion_name": "Latin America and the Caribbean",
    "region_code": "019",
    "region_name": "Americas",
    "global_code": "001",
    "global_name": "World",
    "latitude": "-34",
    "longitude": "-64"
  },
  {
    "ISOa3": "BOL",
    "country_name": "Bolivia (Plurinational State of)",
    "intermediate_region_code": "005",
    "intermediate_region_name": "South America",
    "subregion_code": "419",
    "subregion_name": "Latin America and the Caribbean",
    "region_code": "019",
    "region_name": "Americas",
    "global_code": "001",
    "global_name": "World",
    "latitude": "-17",
    "longitude": "-65"
  },
  {
    "ISOa3": "BVT",
    "country_name": "Bouvet Island",
    "intermediate_region_code": "005",
    "intermediate_region_name": "South America",
    "subregion_code": "419",
    "subregion_name": "Latin America and the Caribbean",
    "region_code": "019",
    "region_name": "Americas",
    "global_code": "001",
    "global_name": "World",
    "latitude": "-54.4333",
    "longitude": "3.4"
  },
  {
    "ISOa3": "BRA",
    "country_name": "Brazil",
    "intermediate_region_code": "005",
    "intermediate_region_name": "South America",
    "subregion_code": "419",
    "subregion_name": "Latin America and the Caribbean",
    "region_code": "019",
    "region_name": "Americas",
    "global_code": "001",
    "global_name": "World",
    "latitude": "-10",
    "longitude": "-55"
  },
  {
    "ISOa3": "CHL",
    "country_name": "Chile",
    "intermediate_region_code": "005",
    "intermediate_region_name": "South America",
    "subregion_code": "419",
    "subregion_name": "Latin America and the Caribbean",
    "region_code": "019",
    "region_name": "Americas",
    "global_code": "001",
    "global_name": "World",
    "latitude": "-30",
    "longitude": "-71"
  },
  {
    "ISOa3": "COL",
    "country_name": "Colombia",
    "intermediate_region_code": "005",
    "intermediate_region_name": "South America",
    "subregion_code": "419",
    "subregion_name": "Latin America and the Caribbean",
    "region_code": "019",
    "region_name": "Americas",
    "global_code": "001",
    "global_name": "World",
    "latitude": "4",
    "longitude": "-72"
  },
  {
    "ISOa3": "ECU",
    "country_name": "Ecuador",
    "intermediate_region_code": "005",
    "intermediate_region_name": "South America",
    "subregion_code": "419",
    "subregion_name": "Latin America and the Caribbean",
    "region_code": "019",
    "region_name": "Americas",
    "global_code": "001",
    "global_name": "World",
    "latitude": "-2",
    "longitude": "-77.5"
  },
  {
    "ISOa3": "FLK",
    "country_name": "Falkland Islands (Malvinas)",
    "intermediate_region_code": "005",
    "intermediate_region_name": "South America",
    "subregion_code": "419",
    "subregion_name": "Latin America and the Caribbean",
    "region_code": "019",
    "region_name": "Americas",
    "global_code": "001",
    "global_name": "World",
    "latitude": "-51.75",
    "longitude": "-59"
  },
  {
    "ISOa3": "GUF",
    "country_name": "French Guiana",
    "intermediate_region_code": "005",
    "intermediate_region_name": "South America",
    "subregion_code": "419",
    "subregion_name": "Latin America and the Caribbean",
    "region_code": "019",
    "region_name": "Americas",
    "global_code": "001",
    "global_name": "World",
    "latitude": "4",
    "longitude": "-53"
  },
  {
    "ISOa3": "GUY",
    "country_name": "Guyana",
    "intermediate_region_code": "005",
    "intermediate_region_name": "South America",
    "subregion_code": "419",
    "subregion_name": "Latin America and the Caribbean",
    "region_code": "019",
    "region_name": "Americas",
    "global_code": "001",
    "global_name": "World",
    "latitude": "5",
    "longitude": "-59"
  },
  {
    "ISOa3": "PRY",
    "country_name": "Paraguay",
    "intermediate_region_code": "005",
    "intermediate_region_name": "South America",
    "subregion_code": "419",
    "subregion_name": "Latin America and the Caribbean",
    "region_code": "019",
    "region_name": "Americas",
    "global_code": "001",
    "global_name": "World",
    "latitude": "-23",
    "longitude": "-58"
  },
  {
    "ISOa3": "PER",
    "country_name": "Peru",
    "intermediate_region_code": "005",
    "intermediate_region_name": "South America",
    "subregion_code": "419",
    "subregion_name": "Latin America and the Caribbean",
    "region_code": "019",
    "region_name": "Americas",
    "global_code": "001",
    "global_name": "World",
    "latitude": "-10",
    "longitude": "-76"
  },
  {
    "ISOa3": "SGS",
    "country_name": "South Georgia and the South Sandwich Islands",
    "intermediate_region_code": "005",
    "intermediate_region_name": "South America",
    "subregion_code": "419",
    "subregion_name": "Latin America and the Caribbean",
    "region_code": "019",
    "region_name": "Americas",
    "global_code": "001",
    "global_name": "World",
    "latitude": "-54.5",
    "longitude": "-37"
  },
  {
    "ISOa3": "SUR",
    "country_name": "Suriname",
    "intermediate_region_code": "005",
    "intermediate_region_name": "South America",
    "subregion_code": "419",
    "subregion_name": "Latin America and the Caribbean",
    "region_code": "019",
    "region_name": "Americas",
    "global_code": "001",
    "global_name": "World",
    "latitude": "4",
    "longitude": "-56"
  },
  {
    "ISOa3": "URY",
    "country_name": "Uruguay",
    "intermediate_region_code": "005",
    "intermediate_region_name": "South America",
    "subregion_code": "419",
    "subregion_name": "Latin America and the Caribbean",
    "region_code": "019",
    "region_name": "Americas",
    "global_code": "001",
    "global_name": "World",
    "latitude": "-33",
    "longitude": "-56"
  },
  {
    "ISOa3": "VEN",
    "country_name": "Venezuela (Bolivarian Republic of)",
    "intermediate_region_code": "005",
    "intermediate_region_name": "South America",
    "subregion_code": "419",
    "subregion_name": "Latin America and the Caribbean",
    "region_code": "019",
    "region_name": "Americas",
    "global_code": "001",
    "global_name": "World",
    "latitude": "8",
    "longitude": "-66"
  },
  {
    "ISOa3": "BMU",
    "country_name": "Bermuda",
    "intermediate_region_code": "",
    "intermediate_region_name": "",
    "subregion_code": "021",
    "subregion_name": "Northern America",
    "region_code": "019",
    "region_name": "Americas",
    "global_code": "001",
    "global_name": "World",
    "latitude": "32.3333",
    "longitude": "-64.75"
  },
  {
    "ISOa3": "CAN",
    "country_name": "Canada",
    "intermediate_region_code": "",
    "intermediate_region_name": "",
    "subregion_code": "021",
    "subregion_name": "Northern America",
    "region_code": "019",
    "region_name": "Americas",
    "global_code": "001",
    "global_name": "World",
    "latitude": "56",
    "longitude": "-106"
  },
  {
    "ISOa3": "GRL",
    "country_name": "Greenland",
    "intermediate_region_code": "",
    "intermediate_region_name": "",
    "subregion_code": "021",
    "subregion_name": "Northern America",
    "region_code": "019",
    "region_name": "Americas",
    "global_code": "001",
    "global_name": "World",
    "latitude": "72",
    "longitude": "-40"
  },
  {
    "ISOa3": "SPM",
    "country_name": "Saint Pierre and Miquelon",
    "intermediate_region_code": "",
    "intermediate_region_name": "",
    "subregion_code": "021",
    "subregion_name": "Northern America",
    "region_code": "019",
    "region_name": "Americas",
    "global_code": "001",
    "global_name": "World",
    "latitude": "46.8333",
    "longitude": "-56.3333"
  },
  {
    "ISOa3": "USA",
    "country_name": "United States of America",
    "intermediate_region_code": "",
    "intermediate_region_name": "",
    "subregion_code": "021",
    "subregion_name": "Northern America",
    "region_code": "019",
    "region_name": "Americas",
    "global_code": "001",
    "global_name": "World",
    "latitude": "38",
    "longitude": "-97"
  },
  {
    "ISOa3": "ATA",
    "country_name": "Antarctica",
    "intermediate_region_code": "",
    "intermediate_region_name": "",
    "subregion_code": "",
    "subregion_name": "",
    "region_code": "",
    "region_name": "",
    "global_code": "001",
    "global_name": "World",
    "latitude": "-90",
    "longitude": "0"
  },
  {
    "ISOa3": "KAZ",
    "country_name": "Kazakhstan",
    "intermediate_region_code": "",
    "intermediate_region_name": "",
    "subregion_code": "143",
    "subregion_name": "Central Asia",
    "region_code": "142",
    "region_name": "Asia",
    "global_code": "001",
    "global_name": "World",
    "latitude": "48",
    "longitude": "68"
  },
  {
    "ISOa3": "KGZ",
    "country_name": "Kyrgyzstan",
    "intermediate_region_code": "",
    "intermediate_region_name": "",
    "subregion_code": "143",
    "subregion_name": "Central Asia",
    "region_code": "142",
    "region_name": "Asia",
    "global_code": "001",
    "global_name": "World",
    "latitude": "41",
    "longitude": "75"
  },
  {
    "ISOa3": "TJK",
    "country_name": "Tajikistan",
    "intermediate_region_code": "",
    "intermediate_region_name": "",
    "subregion_code": "143",
    "subregion_name": "Central Asia",
    "region_code": "142",
    "region_name": "Asia",
    "global_code": "001",
    "global_name": "World",
    "latitude": "39",
    "longitude": "71"
  },
  {
    "ISOa3": "TKM",
    "country_name": "Turkmenistan",
    "intermediate_region_code": "",
    "intermediate_region_name": "",
    "subregion_code": "143",
    "subregion_name": "Central Asia",
    "region_code": "142",
    "region_name": "Asia",
    "global_code": "001",
    "global_name": "World",
    "latitude": "40",
    "longitude": "60"
  },
  {
    "ISOa3": "UZB",
    "country_name": "Uzbekistan",
    "intermediate_region_code": "",
    "intermediate_region_name": "",
    "subregion_code": "143",
    "subregion_name": "Central Asia",
    "region_code": "142",
    "region_name": "Asia",
    "global_code": "001",
    "global_name": "World",
    "latitude": "41",
    "longitude": "64"
  },
  {
    "ISOa3": "CHN",
    "country_name": "China",
    "intermediate_region_code": "",
    "intermediate_region_name": "",
    "subregion_code": "030",
    "subregion_name": "Eastern Asia",
    "region_code": "142",
    "region_name": "Asia",
    "global_code": "001",
    "global_name": "World",
    "latitude": "35",
    "longitude": "105"
  },
  {
    "ISOa3": "HKG",
    "country_name": "China, Hong Kong Special Administrative Region",
    "intermediate_region_code": "",
    "intermediate_region_name": "",
    "subregion_code": "030",
    "subregion_name": "Eastern Asia",
    "region_code": "142",
    "region_name": "Asia",
    "global_code": "001",
    "global_name": "World",
    "latitude": "22.25",
    "longitude": "114.1667"
  },
  {
    "ISOa3": "MAC",
    "country_name": "China, Macao Special Administrative Region",
    "intermediate_region_code": "",
    "intermediate_region_name": "",
    "subregion_code": "030",
    "subregion_name": "Eastern Asia",
    "region_code": "142",
    "region_name": "Asia",
    "global_code": "001",
    "global_name": "World",
    "latitude": "22.1667",
    "longitude": "113.55"
  },
  {
    "ISOa3": "TWN",
    "country_name": "China, Taiwan Province of China",
    "intermediate_region_code": "",
    "intermediate_region_name": "",
    "subregion_code": "030",
    "subregion_name": "Eastern Asia",
    "region_code": "142",
    "region_name": "Asia",
    "global_code": "001",
    "global_name": "World",
    "latitude": "23.6978",
    "longitude": "120.9605"
  },
  {
    "ISOa3": "PRK",
    "country_name": "Democratic People's Republic of Korea",
    "intermediate_region_code": "",
    "intermediate_region_name": "",
    "subregion_code": "030",
    "subregion_name": "Eastern Asia",
    "region_code": "142",
    "region_name": "Asia",
    "global_code": "001",
    "global_name": "World",
    "latitude": "40",
    "longitude": "127"
  },
  {
    "ISOa3": "JPN",
    "country_name": "Japan",
    "intermediate_region_code": "",
    "intermediate_region_name": "",
    "subregion_code": "030",
    "subregion_name": "Eastern Asia",
    "region_code": "142",
    "region_name": "Asia",
    "global_code": "001",
    "global_name": "World",
    "latitude": "36",
    "longitude": "138"
  },
  {
    "ISOa3": "MNG",
    "country_name": "Mongolia",
    "intermediate_region_code": "",
    "intermediate_region_name": "",
    "subregion_code": "030",
    "subregion_name": "Eastern Asia",
    "region_code": "142",
    "region_name": "Asia",
    "global_code": "001",
    "global_name": "World",
    "latitude": "46",
    "longitude": "105"
  },
  {
    "ISOa3": "KOR",
    "country_name": "Republic of Korea",
    "intermediate_region_code": "",
    "intermediate_region_name": "",
    "subregion_code": "030",
    "subregion_name": "Eastern Asia",
    "region_code": "142",
    "region_name": "Asia",
    "global_code": "001",
    "global_name": "World",
    "latitude": "37",
    "longitude": "127.5"
  },
  {
    "ISOa3": "BRN",
    "country_name": "Brunei Darussalam",
    "intermediate_region_code": "",
    "intermediate_region_name": "",
    "subregion_code": "035",
    "subregion_name": "South-eastern Asia",
    "region_code": "142",
    "region_name": "Asia",
    "global_code": "001",
    "global_name": "World",
    "latitude": "4.5",
    "longitude": "114.6667"
  },
  {
    "ISOa3": "KHM",
    "country_name": "Cambodia",
    "intermediate_region_code": "",
    "intermediate_region_name": "",
    "subregion_code": "035",
    "subregion_name": "South-eastern Asia",
    "region_code": "142",
    "region_name": "Asia",
    "global_code": "001",
    "global_name": "World",
    "latitude": "13",
    "longitude": "105"
  },
  {
    "ISOa3": "IDN",
    "country_name": "Indonesia",
    "intermediate_region_code": "",
    "intermediate_region_name": "",
    "subregion_code": "035",
    "subregion_name": "South-eastern Asia",
    "region_code": "142",
    "region_name": "Asia",
    "global_code": "001",
    "global_name": "World",
    "latitude": "-5",
    "longitude": "120"
  },
  {
    "ISOa3": "LAO",
    "country_name": "Lao People's Democratic Republic",
    "intermediate_region_code": "",
    "intermediate_region_name": "",
    "subregion_code": "035",
    "subregion_name": "South-eastern Asia",
    "region_code": "142",
    "region_name": "Asia",
    "global_code": "001",
    "global_name": "World",
    "latitude": "18",
    "longitude": "105"
  },
  {
    "ISOa3": "MYS",
    "country_name": "Malaysia",
    "intermediate_region_code": "",
    "intermediate_region_name": "",
    "subregion_code": "035",
    "subregion_name": "South-eastern Asia",
    "region_code": "142",
    "region_name": "Asia",
    "global_code": "001",
    "global_name": "World",
    "latitude": "2.5",
    "longitude": "112.5"
  },
  {
    "ISOa3": "MMR",
    "country_name": "Myanmar",
    "intermediate_region_code": "",
    "intermediate_region_name": "",
    "subregion_code": "035",
    "subregion_name": "South-eastern Asia",
    "region_code": "142",
    "region_name": "Asia",
    "global_code": "001",
    "global_name": "World",
    "latitude": "22",
    "longitude": "98"
  },
  {
    "ISOa3": "PHL",
    "country_name": "Philippines",
    "intermediate_region_code": "",
    "intermediate_region_name": "",
    "subregion_code": "035",
    "subregion_name": "South-eastern Asia",
    "region_code": "142",
    "region_name": "Asia",
    "global_code": "001",
    "global_name": "World",
    "latitude": "13",
    "longitude": "122"
  },
  {
    "ISOa3": "SGP",
    "country_name": "Singapore",
    "intermediate_region_code": "",
    "intermediate_region_name": "",
    "subregion_code": "035",
    "subregion_name": "South-eastern Asia",
    "region_code": "142",
    "region_name": "Asia",
    "global_code": "001",
    "global_name": "World",
    "latitude": "1.3667",
    "longitude": "103.8"
  },
  {
    "ISOa3": "THA",
    "country_name": "Thailand",
    "intermediate_region_code": "",
    "intermediate_region_name": "",
    "subregion_code": "035",
    "subregion_name": "South-eastern Asia",
    "region_code": "142",
    "region_name": "Asia",
    "global_code": "001",
    "global_name": "World",
    "latitude": "15",
    "longitude": "100"
  },
  {
    "ISOa3": "TLS",
    "country_name": "Timor-Leste",
    "intermediate_region_code": "",
    "intermediate_region_name": "",
    "subregion_code": "035",
    "subregion_name": "South-eastern Asia",
    "region_code": "142",
    "region_name": "Asia",
    "global_code": "001",
    "global_name": "World",
    "latitude": "-8.55",
    "longitude": "125.5167"
  },
  {
    "ISOa3": "VNM",
    "country_name": "Viet Nam",
    "intermediate_region_code": "",
    "intermediate_region_name": "",
    "subregion_code": "035",
    "subregion_name": "South-eastern Asia",
    "region_code": "142",
    "region_name": "Asia",
    "global_code": "001",
    "global_name": "World",
    "latitude": "16",
    "longitude": "106"
  },
  {
    "ISOa3": "AFG",
    "country_name": "Afghanistan",
    "intermediate_region_code": "",
    "intermediate_region_name": "",
    "subregion_code": "034",
    "subregion_name": "Southern Asia",
    "region_code": "142",
    "region_name": "Asia",
    "global_code": "001",
    "global_name": "World",
    "latitude": "33",
    "longitude": "65"
  },
  {
    "ISOa3": "BGD",
    "country_name": "Bangladesh",
    "intermediate_region_code": "",
    "intermediate_region_name": "",
    "subregion_code": "034",
    "subregion_name": "Southern Asia",
    "region_code": "142",
    "region_name": "Asia",
    "global_code": "001",
    "global_name": "World",
    "latitude": "24",
    "longitude": "90"
  },
  {
    "ISOa3": "BTN",
    "country_name": "Bhutan",
    "intermediate_region_code": "",
    "intermediate_region_name": "",
    "subregion_code": "034",
    "subregion_name": "Southern Asia",
    "region_code": "142",
    "region_name": "Asia",
    "global_code": "001",
    "global_name": "World",
    "latitude": "27.5",
    "longitude": "90.5"
  },
  {
    "ISOa3": "IND",
    "country_name": "India",
    "intermediate_region_code": "",
    "intermediate_region_name": "",
    "subregion_code": "034",
    "subregion_name": "Southern Asia",
    "region_code": "142",
    "region_name": "Asia",
    "global_code": "001",
    "global_name": "World",
    "latitude": "20",
    "longitude": "77"
  },
  {
    "ISOa3": "IRN",
    "country_name": "Iran (Islamic Republic of)",
    "intermediate_region_code": "",
    "intermediate_region_name": "",
    "subregion_code": "034",
    "subregion_name": "Southern Asia",
    "region_code": "142",
    "region_name": "Asia",
    "global_code": "001",
    "global_name": "World",
    "latitude": "32",
    "longitude": "53"
  },
  {
    "ISOa3": "MDV",
    "country_name": "Maldives",
    "intermediate_region_code": "",
    "intermediate_region_name": "",
    "subregion_code": "034",
    "subregion_name": "Southern Asia",
    "region_code": "142",
    "region_name": "Asia",
    "global_code": "001",
    "global_name": "World",
    "latitude": "3.25",
    "longitude": "73"
  },
  {
    "ISOa3": "NPL",
    "country_name": "Nepal",
    "intermediate_region_code": "",
    "intermediate_region_name": "",
    "subregion_code": "034",
    "subregion_name": "Southern Asia",
    "region_code": "142",
    "region_name": "Asia",
    "global_code": "001",
    "global_name": "World",
    "latitude": "28",
    "longitude": "84"
  },
  {
    "ISOa3": "PAK",
    "country_name": "Pakistan",
    "intermediate_region_code": "",
    "intermediate_region_name": "",
    "subregion_code": "034",
    "subregion_name": "Southern Asia",
    "region_code": "142",
    "region_name": "Asia",
    "global_code": "001",
    "global_name": "World",
    "latitude": "30",
    "longitude": "70"
  },
  {
    "ISOa3": "LKA",
    "country_name": "Sri Lanka",
    "intermediate_region_code": "",
    "intermediate_region_name": "",
    "subregion_code": "034",
    "subregion_name": "Southern Asia",
    "region_code": "142",
    "region_name": "Asia",
    "global_code": "001",
    "global_name": "World",
    "latitude": "7",
    "longitude": "81"
  },
  {
    "ISOa3": "ARM",
    "country_name": "Armenia",
    "intermediate_region_code": "",
    "intermediate_region_name": "",
    "subregion_code": "145",
    "subregion_name": "Western Asia",
    "region_code": "142",
    "region_name": "Asia",
    "global_code": "001",
    "global_name": "World",
    "latitude": "40",
    "longitude": "45"
  },
  {
    "ISOa3": "AZE",
    "country_name": "Azerbaijan",
    "intermediate_region_code": "",
    "intermediate_region_name": "",
    "subregion_code": "145",
    "subregion_name": "Western Asia",
    "region_code": "142",
    "region_name": "Asia",
    "global_code": "001",
    "global_name": "World",
    "latitude": "40.5",
    "longitude": "47.5"
  },
  {
    "ISOa3": "BHR",
    "country_name": "Bahrain",
    "intermediate_region_code": "",
    "intermediate_region_name": "",
    "subregion_code": "145",
    "subregion_name": "Western Asia",
    "region_code": "142",
    "region_name": "Asia",
    "global_code": "001",
    "global_name": "World",
    "latitude": "26",
    "longitude": "50.55"
  },
  {
    "ISOa3": "CYP",
    "country_name": "Cyprus",
    "intermediate_region_code": "",
    "intermediate_region_name": "",
    "subregion_code": "145",
    "subregion_name": "Western Asia",
    "region_code": "142",
    "region_name": "Asia",
    "global_code": "001",
    "global_name": "World",
    "latitude": "35",
    "longitude": "33"
  },
  {
    "ISOa3": "GEO",
    "country_name": "Georgia",
    "intermediate_region_code": "",
    "intermediate_region_name": "",
    "subregion_code": "145",
    "subregion_name": "Western Asia",
    "region_code": "142",
    "region_name": "Asia",
    "global_code": "001",
    "global_name": "World",
    "latitude": "42",
    "longitude": "43.5"
  },
  {
    "ISOa3": "IRQ",
    "country_name": "Iraq",
    "intermediate_region_code": "",
    "intermediate_region_name": "",
    "subregion_code": "145",
    "subregion_name": "Western Asia",
    "region_code": "142",
    "region_name": "Asia",
    "global_code": "001",
    "global_name": "World",
    "latitude": "33",
    "longitude": "44"
  },
  {
    "ISOa3": "ISR",
    "country_name": "Israel",
    "intermediate_region_code": "",
    "intermediate_region_name": "",
    "subregion_code": "145",
    "subregion_name": "Western Asia",
    "region_code": "142",
    "region_name": "Asia",
    "global_code": "001",
    "global_name": "World",
    "latitude": "31.5",
    "longitude": "34.75"
  },
  {
    "ISOa3": "JOR",
    "country_name": "Jordan",
    "intermediate_region_code": "",
    "intermediate_region_name": "",
    "subregion_code": "145",
    "subregion_name": "Western Asia",
    "region_code": "142",
    "region_name": "Asia",
    "global_code": "001",
    "global_name": "World",
    "latitude": "31",
    "longitude": "36"
  },
  {
    "ISOa3": "KWT",
    "country_name": "Kuwait",
    "intermediate_region_code": "",
    "intermediate_region_name": "",
    "subregion_code": "145",
    "subregion_name": "Western Asia",
    "region_code": "142",
    "region_name": "Asia",
    "global_code": "001",
    "global_name": "World",
    "latitude": "29.3375",
    "longitude": "47.6581"
  },
  {
    "ISOa3": "LBN",
    "country_name": "Lebanon",
    "intermediate_region_code": "",
    "intermediate_region_name": "",
    "subregion_code": "145",
    "subregion_name": "Western Asia",
    "region_code": "142",
    "region_name": "Asia",
    "global_code": "001",
    "global_name": "World",
    "latitude": "33.8333",
    "longitude": "35.8333"
  },
  {
    "ISOa3": "OMN",
    "country_name": "Oman",
    "intermediate_region_code": "",
    "intermediate_region_name": "",
    "subregion_code": "145",
    "subregion_name": "Western Asia",
    "region_code": "142",
    "region_name": "Asia",
    "global_code": "001",
    "global_name": "World",
    "latitude": "21",
    "longitude": "57"
  },
  {
    "ISOa3": "QAT",
    "country_name": "Qatar",
    "intermediate_region_code": "",
    "intermediate_region_name": "",
    "subregion_code": "145",
    "subregion_name": "Western Asia",
    "region_code": "142",
    "region_name": "Asia",
    "global_code": "001",
    "global_name": "World",
    "latitude": "25.5",
    "longitude": "51.25"
  },
  {
    "ISOa3": "SAU",
    "country_name": "Saudi Arabia",
    "intermediate_region_code": "",
    "intermediate_region_name": "",
    "subregion_code": "145",
    "subregion_name": "Western Asia",
    "region_code": "142",
    "region_name": "Asia",
    "global_code": "001",
    "global_name": "World",
    "latitude": "25",
    "longitude": "45"
  },
  {
    "ISOa3": "PSE",
    "country_name": "State of Palestine",
    "intermediate_region_code": "",
    "intermediate_region_name": "",
    "subregion_code": "145",
    "subregion_name": "Western Asia",
    "region_code": "142",
    "region_name": "Asia",
    "global_code": "001",
    "global_name": "World",
    "latitude": "32",
    "longitude": "35.25"
  },
  {
    "ISOa3": "SYR",
    "country_name": "Syrian Arab Republic",
    "intermediate_region_code": "",
    "intermediate_region_name": "",
    "subregion_code": "145",
    "subregion_name": "Western Asia",
    "region_code": "142",
    "region_name": "Asia",
    "global_code": "001",
    "global_name": "World",
    "latitude": "35",
    "longitude": "38"
  },
  {
    "ISOa3": "TUR",
    "country_name": "Turkey",
    "intermediate_region_code": "",
    "intermediate_region_name": "",
    "subregion_code": "145",
    "subregion_name": "Western Asia",
    "region_code": "142",
    "region_name": "Asia",
    "global_code": "001",
    "global_name": "World",
    "latitude": "39",
    "longitude": "35"
  },
  {
    "ISOa3": "ARE",
    "country_name": "United Arab Emirates",
    "intermediate_region_code": "",
    "intermediate_region_name": "",
    "subregion_code": "145",
    "subregion_name": "Western Asia",
    "region_code": "142",
    "region_name": "Asia",
    "global_code": "001",
    "global_name": "World",
    "latitude": "24",
    "longitude": "54"
  },
  {
    "ISOa3": "YEM",
    "country_name": "Yemen",
    "intermediate_region_code": "",
    "intermediate_region_name": "",
    "subregion_code": "145",
    "subregion_name": "Western Asia",
    "region_code": "142",
    "region_name": "Asia",
    "global_code": "001",
    "global_name": "World",
    "latitude": "15",
    "longitude": "48"
  },
  {
    "ISOa3": "BLR",
    "country_name": "Belarus",
    "intermediate_region_code": "",
    "intermediate_region_name": "",
    "subregion_code": "151",
    "subregion_name": "Eastern Europe",
    "region_code": "150",
    "region_name": "Europe",
    "global_code": "001",
    "global_name": "World",
    "latitude": "53",
    "longitude": "28"
  },
  {
    "ISOa3": "BGR",
    "country_name": "Bulgaria",
    "intermediate_region_code": "",
    "intermediate_region_name": "",
    "subregion_code": "151",
    "subregion_name": "Eastern Europe",
    "region_code": "150",
    "region_name": "Europe",
    "global_code": "001",
    "global_name": "World",
    "latitude": "43",
    "longitude": "25"
  },
  {
    "ISOa3": "CZE",
    "country_name": "Czechia",
    "intermediate_region_code": "",
    "intermediate_region_name": "",
    "subregion_code": "151",
    "subregion_name": "Eastern Europe",
    "region_code": "150",
    "region_name": "Europe",
    "global_code": "001",
    "global_name": "World",
    "latitude": "49.75",
    "longitude": "15.5"
  },
  {
    "ISOa3": "HUN",
    "country_name": "Hungary",
    "intermediate_region_code": "",
    "intermediate_region_name": "",
    "subregion_code": "151",
    "subregion_name": "Eastern Europe",
    "region_code": "150",
    "region_name": "Europe",
    "global_code": "001",
    "global_name": "World",
    "latitude": "47",
    "longitude": "20"
  },
  {
    "ISOa3": "POL",
    "country_name": "Poland",
    "intermediate_region_code": "",
    "intermediate_region_name": "",
    "subregion_code": "151",
    "subregion_name": "Eastern Europe",
    "region_code": "150",
    "region_name": "Europe",
    "global_code": "001",
    "global_name": "World",
    "latitude": "52",
    "longitude": "20"
  },
  {
    "ISOa3": "MDA",
    "country_name": "Republic of Moldova",
    "intermediate_region_code": "",
    "intermediate_region_name": "",
    "subregion_code": "151",
    "subregion_name": "Eastern Europe",
    "region_code": "150",
    "region_name": "Europe",
    "global_code": "001",
    "global_name": "World",
    "latitude": "47",
    "longitude": "29"
  },
  {
    "ISOa3": "ROU",
    "country_name": "Romania",
    "intermediate_region_code": "",
    "intermediate_region_name": "",
    "subregion_code": "151",
    "subregion_name": "Eastern Europe",
    "region_code": "150",
    "region_name": "Europe",
    "global_code": "001",
    "global_name": "World",
    "latitude": "46",
    "longitude": "25"
  },
  {
    "ISOa3": "RUS",
    "country_name": "Russian Federation",
    "intermediate_region_code": "",
    "intermediate_region_name": "",
    "subregion_code": "151",
    "subregion_name": "Eastern Europe",
    "region_code": "150",
    "region_name": "Europe",
    "global_code": "001",
    "global_name": "World",
    "latitude": "60",
    "longitude": "100"
  },
  {
    "ISOa3": "SVK",
    "country_name": "Slovakia",
    "intermediate_region_code": "",
    "intermediate_region_name": "",
    "subregion_code": "151",
    "subregion_name": "Eastern Europe",
    "region_code": "150",
    "region_name": "Europe",
    "global_code": "001",
    "global_name": "World",
    "latitude": "48.6667",
    "longitude": "19.5"
  },
  {
    "ISOa3": "UKR",
    "country_name": "Ukraine",
    "intermediate_region_code": "",
    "intermediate_region_name": "",
    "subregion_code": "151",
    "subregion_name": "Eastern Europe",
    "region_code": "150",
    "region_name": "Europe",
    "global_code": "001",
    "global_name": "World",
    "latitude": "49",
    "longitude": "32"
  },
  {
    "ISOa3": "ALA",
    "country_name": "Åland Islands",
    "intermediate_region_code": "",
    "intermediate_region_name": "",
    "subregion_code": "154",
    "subregion_name": "Northern Europe",
    "region_code": "150",
    "region_name": "Europe",
    "global_code": "001",
    "global_name": "World",
    "latitude": "0",
    "longitude": "0"
  },
  {
    "ISOa3": "GGY",
    "country_name": "Guernsey",
    "intermediate_region_code": "830",
    "intermediate_region_name": "Channel Islands",
    "subregion_code": "154",
    "subregion_name": "Northern Europe",
    "region_code": "150",
    "region_name": "Europe",
    "global_code": "001",
    "global_name": "World",
    "latitude": "49.5",
    "longitude": "-2.56"
  },
  {
    "ISOa3": "JEY",
    "country_name": "Jersey",
    "intermediate_region_code": "830",
    "intermediate_region_name": "Channel Islands",
    "subregion_code": "154",
    "subregion_name": "Northern Europe",
    "region_code": "150",
    "region_name": "Europe",
    "global_code": "001",
    "global_name": "World",
    "latitude": "49.21",
    "longitude": "-2.13"
  },
  {
    "ISOa3": "",
    "country_name": "Sark",
    "intermediate_region_code": "830",
    "intermediate_region_name": "Channel Islands",
    "subregion_code": "154",
    "subregion_name": "Northern Europe",
    "region_code": "150",
    "region_name": "Europe",
    "global_code": "001",
    "global_name": "World",
    "latitude": "0",
    "longitude": "0"
  },
  {
    "ISOa3": "DNK",
    "country_name": "Denmark",
    "intermediate_region_code": "",
    "intermediate_region_name": "",
    "subregion_code": "154",
    "subregion_name": "Northern Europe",
    "region_code": "150",
    "region_name": "Europe",
    "global_code": "001",
    "global_name": "World",
    "latitude": "56",
    "longitude": "10"
  },
  {
    "ISOa3": "EST",
    "country_name": "Estonia",
    "intermediate_region_code": "",
    "intermediate_region_name": "",
    "subregion_code": "154",
    "subregion_name": "Northern Europe",
    "region_code": "150",
    "region_name": "Europe",
    "global_code": "001",
    "global_name": "World",
    "latitude": "59",
    "longitude": "26"
  },
  {
    "ISOa3": "FRO",
    "country_name": "Faroe Islands",
    "intermediate_region_code": "",
    "intermediate_region_name": "",
    "subregion_code": "154",
    "subregion_name": "Northern Europe",
    "region_code": "150",
    "region_name": "Europe",
    "global_code": "001",
    "global_name": "World",
    "latitude": "62",
    "longitude": "-7"
  },
  {
    "ISOa3": "FIN",
    "country_name": "Finland",
    "intermediate_region_code": "",
    "intermediate_region_name": "",
    "subregion_code": "154",
    "subregion_name": "Northern Europe",
    "region_code": "150",
    "region_name": "Europe",
    "global_code": "001",
    "global_name": "World",
    "latitude": "64",
    "longitude": "26"
  },
  {
    "ISOa3": "ISL",
    "country_name": "Iceland",
    "intermediate_region_code": "",
    "intermediate_region_name": "",
    "subregion_code": "154",
    "subregion_name": "Northern Europe",
    "region_code": "150",
    "region_name": "Europe",
    "global_code": "001",
    "global_name": "World",
    "latitude": "65",
    "longitude": "-18"
  },
  {
    "ISOa3": "IRL",
    "country_name": "Ireland",
    "intermediate_region_code": "",
    "intermediate_region_name": "",
    "subregion_code": "154",
    "subregion_name": "Northern Europe",
    "region_code": "150",
    "region_name": "Europe",
    "global_code": "001",
    "global_name": "World",
    "latitude": "53",
    "longitude": "-8"
  },
  {
    "ISOa3": "IMN",
    "country_name": "Isle of Man",
    "intermediate_region_code": "",
    "intermediate_region_name": "",
    "subregion_code": "154",
    "subregion_name": "Northern Europe",
    "region_code": "150",
    "region_name": "Europe",
    "global_code": "001",
    "global_name": "World",
    "latitude": "54.23",
    "longitude": "-4.55"
  },
  {
    "ISOa3": "LVA",
    "country_name": "Latvia",
    "intermediate_region_code": "",
    "intermediate_region_name": "",
    "subregion_code": "154",
    "subregion_name": "Northern Europe",
    "region_code": "150",
    "region_name": "Europe",
    "global_code": "001",
    "global_name": "World",
    "latitude": "57",
    "longitude": "25"
  },
  {
    "ISOa3": "LTU",
    "country_name": "Lithuania",
    "intermediate_region_code": "",
    "intermediate_region_name": "",
    "subregion_code": "154",
    "subregion_name": "Northern Europe",
    "region_code": "150",
    "region_name": "Europe",
    "global_code": "001",
    "global_name": "World",
    "latitude": "56",
    "longitude": "24"
  },
  {
    "ISOa3": "NOR",
    "country_name": "Norway",
    "intermediate_region_code": "",
    "intermediate_region_name": "",
    "subregion_code": "154",
    "subregion_name": "Northern Europe",
    "region_code": "150",
    "region_name": "Europe",
    "global_code": "001",
    "global_name": "World",
    "latitude": "62",
    "longitude": "10"
  },
  {
    "ISOa3": "SJM",
    "country_name": "Svalbard and Jan Mayen Islands",
    "intermediate_region_code": "",
    "intermediate_region_name": "",
    "subregion_code": "154",
    "subregion_name": "Northern Europe",
    "region_code": "150",
    "region_name": "Europe",
    "global_code": "001",
    "global_name": "World",
    "latitude": "78",
    "longitude": "20"
  },
  {
    "ISOa3": "SWE",
    "country_name": "Sweden",
    "intermediate_region_code": "",
    "intermediate_region_name": "",
    "subregion_code": "154",
    "subregion_name": "Northern Europe",
    "region_code": "150",
    "region_name": "Europe",
    "global_code": "001",
    "global_name": "World",
    "latitude": "62",
    "longitude": "15"
  },
  {
    "ISOa3": "GBR",
    "country_name": "United Kingdom of Great Britain and Northern Ireland",
    "intermediate_region_code": "",
    "intermediate_region_name": "",
    "subregion_code": "154",
    "subregion_name": "Northern Europe",
    "region_code": "150",
    "region_name": "Europe",
    "global_code": "001",
    "global_name": "World",
    "latitude": "54",
    "longitude": "-2"
  },
  {
    "ISOa3": "ALB",
    "country_name": "Albania",
    "intermediate_region_code": "",
    "intermediate_region_name": "",
    "subregion_code": "039",
    "subregion_name": "Southern Europe",
    "region_code": "150",
    "region_name": "Europe",
    "global_code": "001",
    "global_name": "World",
    "latitude": "41",
    "longitude": "20"
  },
  {
    "ISOa3": "AND",
    "country_name": "Andorra",
    "intermediate_region_code": "",
    "intermediate_region_name": "",
    "subregion_code": "039",
    "subregion_name": "Southern Europe",
    "region_code": "150",
    "region_name": "Europe",
    "global_code": "001",
    "global_name": "World",
    "latitude": "42.5",
    "longitude": "1.6"
  },
  {
    "ISOa3": "BIH",
    "country_name": "Bosnia and Herzegovina",
    "intermediate_region_code": "",
    "intermediate_region_name": "",
    "subregion_code": "039",
    "subregion_name": "Southern Europe",
    "region_code": "150",
    "region_name": "Europe",
    "global_code": "001",
    "global_name": "World",
    "latitude": "44",
    "longitude": "18"
  },
  {
    "ISOa3": "HRV",
    "country_name": "Croatia",
    "intermediate_region_code": "",
    "intermediate_region_name": "",
    "subregion_code": "039",
    "subregion_name": "Southern Europe",
    "region_code": "150",
    "region_name": "Europe",
    "global_code": "001",
    "global_name": "World",
    "latitude": "45.1667",
    "longitude": "15.5"
  },
  {
    "ISOa3": "GIB",
    "country_name": "Gibraltar",
    "intermediate_region_code": "",
    "intermediate_region_name": "",
    "subregion_code": "039",
    "subregion_name": "Southern Europe",
    "region_code": "150",
    "region_name": "Europe",
    "global_code": "001",
    "global_name": "World",
    "latitude": "36.1833",
    "longitude": "-5.3667"
  },
  {
    "ISOa3": "GRC",
    "country_name": "Greece",
    "intermediate_region_code": "",
    "intermediate_region_name": "",
    "subregion_code": "039",
    "subregion_name": "Southern Europe",
    "region_code": "150",
    "region_name": "Europe",
    "global_code": "001",
    "global_name": "World",
    "latitude": "39",
    "longitude": "22"
  },
  {
    "ISOa3": "VAT",
    "country_name": "Holy See",
    "intermediate_region_code": "",
    "intermediate_region_name": "",
    "subregion_code": "039",
    "subregion_name": "Southern Europe",
    "region_code": "150",
    "region_name": "Europe",
    "global_code": "001",
    "global_name": "World",
    "latitude": "41.9",
    "longitude": "12.45"
  },
  {
    "ISOa3": "ITA",
    "country_name": "Italy",
    "intermediate_region_code": "",
    "intermediate_region_name": "",
    "subregion_code": "039",
    "subregion_name": "Southern Europe",
    "region_code": "150",
    "region_name": "Europe",
    "global_code": "001",
    "global_name": "World",
    "latitude": "42.8333",
    "longitude": "12.8333"
  },
  {
    "ISOa3": "MLT",
    "country_name": "Malta",
    "intermediate_region_code": "",
    "intermediate_region_name": "",
    "subregion_code": "039",
    "subregion_name": "Southern Europe",
    "region_code": "150",
    "region_name": "Europe",
    "global_code": "001",
    "global_name": "World",
    "latitude": "35.8333",
    "longitude": "14.5833"
  },
  {
    "ISOa3": "MNE",
    "country_name": "Montenegro",
    "intermediate_region_code": "",
    "intermediate_region_name": "",
    "subregion_code": "039",
    "subregion_name": "Southern Europe",
    "region_code": "150",
    "region_name": "Europe",
    "global_code": "001",
    "global_name": "World",
    "latitude": "42",
    "longitude": "19"
  },
  {
    "ISOa3": "PRT",
    "country_name": "Portugal",
    "intermediate_region_code": "",
    "intermediate_region_name": "",
    "subregion_code": "039",
    "subregion_name": "Southern Europe",
    "region_code": "150",
    "region_name": "Europe",
    "global_code": "001",
    "global_name": "World",
    "latitude": "39.5",
    "longitude": "-8"
  },
  {
    "ISOa3": "SMR",
    "country_name": "San Marino",
    "intermediate_region_code": "",
    "intermediate_region_name": "",
    "subregion_code": "039",
    "subregion_name": "Southern Europe",
    "region_code": "150",
    "region_name": "Europe",
    "global_code": "001",
    "global_name": "World",
    "latitude": "43.7667",
    "longitude": "12.4167"
  },
  {
    "ISOa3": "SRB",
    "country_name": "Serbia",
    "intermediate_region_code": "",
    "intermediate_region_name": "",
    "subregion_code": "039",
    "subregion_name": "Southern Europe",
    "region_code": "150",
    "region_name": "Europe",
    "global_code": "001",
    "global_name": "World",
    "latitude": "44",
    "longitude": "21"
  },
  {
    "ISOa3": "SVN",
    "country_name": "Slovenia",
    "intermediate_region_code": "",
    "intermediate_region_name": "",
    "subregion_code": "039",
    "subregion_name": "Southern Europe",
    "region_code": "150",
    "region_name": "Europe",
    "global_code": "001",
    "global_name": "World",
    "latitude": "46",
    "longitude": "15"
  },
  {
    "ISOa3": "ESP",
    "country_name": "Spain",
    "intermediate_region_code": "",
    "intermediate_region_name": "",
    "subregion_code": "039",
    "subregion_name": "Southern Europe",
    "region_code": "150",
    "region_name": "Europe",
    "global_code": "001",
    "global_name": "World",
    "latitude": "40",
    "longitude": "-4"
  },
  {
    "ISOa3": "MKD",
    "country_name": "The former Yugoslav Republic of Macedonia",
    "intermediate_region_code": "",
    "intermediate_region_name": "",
    "subregion_code": "039",
    "subregion_name": "Southern Europe",
    "region_code": "150",
    "region_name": "Europe",
    "global_code": "001",
    "global_name": "World",
    "latitude": "41.8333",
    "longitude": "22"
  },
  {
    "ISOa3": "AUT",
    "country_name": "Austria",
    "intermediate_region_code": "",
    "intermediate_region_name": "",
    "subregion_code": "155",
    "subregion_name": "Western Europe",
    "region_code": "150",
    "region_name": "Europe",
    "global_code": "001",
    "global_name": "World",
    "latitude": "47.3333",
    "longitude": "13.3333"
  },
  {
    "ISOa3": "BEL",
    "country_name": "Belgium",
    "intermediate_region_code": "",
    "intermediate_region_name": "",
    "subregion_code": "155",
    "subregion_name": "Western Europe",
    "region_code": "150",
    "region_name": "Europe",
    "global_code": "001",
    "global_name": "World",
    "latitude": "50.8333",
    "longitude": "4"
  },
  {
    "ISOa3": "FRA",
    "country_name": "France",
    "intermediate_region_code": "",
    "intermediate_region_name": "",
    "subregion_code": "155",
    "subregion_name": "Western Europe",
    "region_code": "150",
    "region_name": "Europe",
    "global_code": "001",
    "global_name": "World",
    "latitude": "46",
    "longitude": "2"
  },
  {
    "ISOa3": "DEU",
    "country_name": "Germany",
    "intermediate_region_code": "",
    "intermediate_region_name": "",
    "subregion_code": "155",
    "subregion_name": "Western Europe",
    "region_code": "150",
    "region_name": "Europe",
    "global_code": "001",
    "global_name": "World",
    "latitude": "51",
    "longitude": "9"
  },
  {
    "ISOa3": "LIE",
    "country_name": "Liechtenstein",
    "intermediate_region_code": "",
    "intermediate_region_name": "",
    "subregion_code": "155",
    "subregion_name": "Western Europe",
    "region_code": "150",
    "region_name": "Europe",
    "global_code": "001",
    "global_name": "World",
    "latitude": "47.1667",
    "longitude": "9.5333"
  },
  {
    "ISOa3": "LUX",
    "country_name": "Luxembourg",
    "intermediate_region_code": "",
    "intermediate_region_name": "",
    "subregion_code": "155",
    "subregion_name": "Western Europe",
    "region_code": "150",
    "region_name": "Europe",
    "global_code": "001",
    "global_name": "World",
    "latitude": "49.75",
    "longitude": "6.1667"
  },
  {
    "ISOa3": "MCO",
    "country_name": "Monaco",
    "intermediate_region_code": "",
    "intermediate_region_name": "",
    "subregion_code": "155",
    "subregion_name": "Western Europe",
    "region_code": "150",
    "region_name": "Europe",
    "global_code": "001",
    "global_name": "World",
    "latitude": "43.7333",
    "longitude": "7.4"
  },
  {
    "ISOa3": "NLD",
    "country_name": "Netherlands",
    "intermediate_region_code": "",
    "intermediate_region_name": "",
    "subregion_code": "155",
    "subregion_name": "Western Europe",
    "region_code": "150",
    "region_name": "Europe",
    "global_code": "001",
    "global_name": "World",
    "latitude": "52.5",
    "longitude": "5.75"
  },
  {
    "ISOa3": "CHE",
    "country_name": "Switzerland",
    "intermediate_region_code": "",
    "intermediate_region_name": "",
    "subregion_code": "155",
    "subregion_name": "Western Europe",
    "region_code": "150",
    "region_name": "Europe",
    "global_code": "001",
    "global_name": "World",
    "latitude": "47",
    "longitude": "8"
  },
  {
    "ISOa3": "AUS",
    "country_name": "Australia",
    "intermediate_region_code": "",
    "intermediate_region_name": "",
    "subregion_code": "053",
    "subregion_name": "Australia and New Zealand",
    "region_code": "009",
    "region_name": "Oceania",
    "global_code": "001",
    "global_name": "World",
    "latitude": "-27",
    "longitude": "133"
  },
  {
    "ISOa3": "CXR",
    "country_name": "Christmas Island",
    "intermediate_region_code": "",
    "intermediate_region_name": "",
    "subregion_code": "053",
    "subregion_name": "Australia and New Zealand",
    "region_code": "009",
    "region_name": "Oceania",
    "global_code": "001",
    "global_name": "World",
    "latitude": "-10.5",
    "longitude": "105.6667"
  },
  {
    "ISOa3": "CCK",
    "country_name": "Cocos (Keeling) Islands",
    "intermediate_region_code": "",
    "intermediate_region_name": "",
    "subregion_code": "053",
    "subregion_name": "Australia and New Zealand",
    "region_code": "009",
    "region_name": "Oceania",
    "global_code": "001",
    "global_name": "World",
    "latitude": "-12.5",
    "longitude": "96.8333"
  },
  {
    "ISOa3": "HMD",
    "country_name": "Heard Island and McDonald Islands",
    "intermediate_region_code": "",
    "intermediate_region_name": "",
    "subregion_code": "053",
    "subregion_name": "Australia and New Zealand",
    "region_code": "009",
    "region_name": "Oceania",
    "global_code": "001",
    "global_name": "World",
    "latitude": "-53.1",
    "longitude": "72.5167"
  },
  {
    "ISOa3": "NZL",
    "country_name": "New Zealand",
    "intermediate_region_code": "",
    "intermediate_region_name": "",
    "subregion_code": "053",
    "subregion_name": "Australia and New Zealand",
    "region_code": "009",
    "region_name": "Oceania",
    "global_code": "001",
    "global_name": "World",
    "latitude": "-41",
    "longitude": "174"
  },
  {
    "ISOa3": "NFK",
    "country_name": "Norfolk Island",
    "intermediate_region_code": "",
    "intermediate_region_name": "",
    "subregion_code": "053",
    "subregion_name": "Australia and New Zealand",
    "region_code": "009",
    "region_name": "Oceania",
    "global_code": "001",
    "global_name": "World",
    "latitude": "-29.0333",
    "longitude": "167.95"
  },
  {
    "ISOa3": "FJI",
    "country_name": "Fiji",
    "intermediate_region_code": "",
    "intermediate_region_name": "",
    "subregion_code": "054",
    "subregion_name": "Melanesia",
    "region_code": "009",
    "region_name": "Oceania",
    "global_code": "001",
    "global_name": "World",
    "latitude": "-18",
    "longitude": "175"
  },
  {
    "ISOa3": "NCL",
    "country_name": "New Caledonia",
    "intermediate_region_code": "",
    "intermediate_region_name": "",
    "subregion_code": "054",
    "subregion_name": "Melanesia",
    "region_code": "009",
    "region_name": "Oceania",
    "global_code": "001",
    "global_name": "World",
    "latitude": "-21.5",
    "longitude": "165.5"
  },
  {
    "ISOa3": "PNG",
    "country_name": "Papua New Guinea",
    "intermediate_region_code": "",
    "intermediate_region_name": "",
    "subregion_code": "054",
    "subregion_name": "Melanesia",
    "region_code": "009",
    "region_name": "Oceania",
    "global_code": "001",
    "global_name": "World",
    "latitude": "-6",
    "longitude": "147"
  },
  {
    "ISOa3": "SLB",
    "country_name": "Solomon Islands",
    "intermediate_region_code": "",
    "intermediate_region_name": "",
    "subregion_code": "054",
    "subregion_name": "Melanesia",
    "region_code": "009",
    "region_name": "Oceania",
    "global_code": "001",
    "global_name": "World",
    "latitude": "-8",
    "longitude": "159"
  },
  {
    "ISOa3": "VUT",
    "country_name": "Vanuatu",
    "intermediate_region_code": "",
    "intermediate_region_name": "",
    "subregion_code": "054",
    "subregion_name": "Melanesia",
    "region_code": "009",
    "region_name": "Oceania",
    "global_code": "001",
    "global_name": "World",
    "latitude": "-16",
    "longitude": "167"
  },
  {
    "ISOa3": "GUM",
    "country_name": "Guam",
    "intermediate_region_code": "",
    "intermediate_region_name": "",
    "subregion_code": "057",
    "subregion_name": "Micronesia",
    "region_code": "009",
    "region_name": "Oceania",
    "global_code": "001",
    "global_name": "World",
    "latitude": "13.4667",
    "longitude": "144.7833"
  },
  {
    "ISOa3": "KIR",
    "country_name": "Kiribati",
    "intermediate_region_code": "",
    "intermediate_region_name": "",
    "subregion_code": "057",
    "subregion_name": "Micronesia",
    "region_code": "009",
    "region_name": "Oceania",
    "global_code": "001",
    "global_name": "World",
    "latitude": "1.4167",
    "longitude": "173"
  },
  {
    "ISOa3": "MHL",
    "country_name": "Marshall Islands",
    "intermediate_region_code": "",
    "intermediate_region_name": "",
    "subregion_code": "057",
    "subregion_name": "Micronesia",
    "region_code": "009",
    "region_name": "Oceania",
    "global_code": "001",
    "global_name": "World",
    "latitude": "9",
    "longitude": "168"
  },
  {
    "ISOa3": "FSM",
    "country_name": "Micronesia (Federated States of)",
    "intermediate_region_code": "",
    "intermediate_region_name": "",
    "subregion_code": "057",
    "subregion_name": "Micronesia",
    "region_code": "009",
    "region_name": "Oceania",
    "global_code": "001",
    "global_name": "World",
    "latitude": "6.9167",
    "longitude": "158.25"
  },
  {
    "ISOa3": "NRU",
    "country_name": "Nauru",
    "intermediate_region_code": "",
    "intermediate_region_name": "",
    "subregion_code": "057",
    "subregion_name": "Micronesia",
    "region_code": "009",
    "region_name": "Oceania",
    "global_code": "001",
    "global_name": "World",
    "latitude": "-0.5333",
    "longitude": "166.9167"
  },
  {
    "ISOa3": "MNP",
    "country_name": "Northern Mariana Islands",
    "intermediate_region_code": "",
    "intermediate_region_name": "",
    "subregion_code": "057",
    "subregion_name": "Micronesia",
    "region_code": "009",
    "region_name": "Oceania",
    "global_code": "001",
    "global_name": "World",
    "latitude": "15.2",
    "longitude": "145.75"
  },
  {
    "ISOa3": "PLW",
    "country_name": "Palau",
    "intermediate_region_code": "",
    "intermediate_region_name": "",
    "subregion_code": "057",
    "subregion_name": "Micronesia",
    "region_code": "009",
    "region_name": "Oceania",
    "global_code": "001",
    "global_name": "World",
    "latitude": "7.5",
    "longitude": "134.5"
  },
  {
    "ISOa3": "UMI",
    "country_name": "United States Minor Outlying Islands",
    "intermediate_region_code": "",
    "intermediate_region_name": "",
    "subregion_code": "057",
    "subregion_name": "Micronesia",
    "region_code": "009",
    "region_name": "Oceania",
    "global_code": "001",
    "global_name": "World",
    "latitude": "19.2833",
    "longitude": "166.6"
  },
  {
    "ISOa3": "ASM",
    "country_name": "American Samoa",
    "intermediate_region_code": "",
    "intermediate_region_name": "",
    "subregion_code": "061",
    "subregion_name": "Polynesia",
    "region_code": "009",
    "region_name": "Oceania",
    "global_code": "001",
    "global_name": "World",
    "latitude": "-14.3333",
    "longitude": "-170"
  },
  {
    "ISOa3": "COK",
    "country_name": "Cook Islands",
    "intermediate_region_code": "",
    "intermediate_region_name": "",
    "subregion_code": "061",
    "subregion_name": "Polynesia",
    "region_code": "009",
    "region_name": "Oceania",
    "global_code": "001",
    "global_name": "World",
    "latitude": "-21.2333",
    "longitude": "-159.7667"
  },
  {
    "ISOa3": "PYF",
    "country_name": "French Polynesia",
    "intermediate_region_code": "",
    "intermediate_region_name": "",
    "subregion_code": "061",
    "subregion_name": "Polynesia",
    "region_code": "009",
    "region_name": "Oceania",
    "global_code": "001",
    "global_name": "World",
    "latitude": "-15",
    "longitude": "-140"
  },
  {
    "ISOa3": "NIU",
    "country_name": "Niue",
    "intermediate_region_code": "",
    "intermediate_region_name": "",
    "subregion_code": "061",
    "subregion_name": "Polynesia",
    "region_code": "009",
    "region_name": "Oceania",
    "global_code": "001",
    "global_name": "World",
    "latitude": "-19.0333",
    "longitude": "-169.8667"
  },
  {
    "ISOa3": "PCN",
    "country_name": "Pitcairn",
    "intermediate_region_code": "",
    "intermediate_region_name": "",
    "subregion_code": "061",
    "subregion_name": "Polynesia",
    "region_code": "009",
    "region_name": "Oceania",
    "global_code": "001",
    "global_name": "World",
    "latitude": "-24.7",
    "longitude": "-127.4"
  },
  {
    "ISOa3": "WSM",
    "country_name": "Samoa",
    "intermediate_region_code": "",
    "intermediate_region_name": "",
    "subregion_code": "061",
    "subregion_name": "Polynesia",
    "region_code": "009",
    "region_name": "Oceania",
    "global_code": "001",
    "global_name": "World",
    "latitude": "-13.5833",
    "longitude": "-172.3333"
  },
  {
    "ISOa3": "TKL",
    "country_name": "Tokelau",
    "intermediate_region_code": "",
    "intermediate_region_name": "",
    "subregion_code": "061",
    "subregion_name": "Polynesia",
    "region_code": "009",
    "region_name": "Oceania",
    "global_code": "001",
    "global_name": "World",
    "latitude": "-9",
    "longitude": "-172"
  },
  {
    "ISOa3": "TON",
    "country_name": "Tonga",
    "intermediate_region_code": "",
    "intermediate_region_name": "",
    "subregion_code": "061",
    "subregion_name": "Polynesia",
    "region_code": "009",
    "region_name": "Oceania",
    "global_code": "001",
    "global_name": "World",
    "latitude": "-20",
    "longitude": "-175"
  },
  {
    "ISOa3": "TUV",
    "country_name": "Tuvalu",
    "intermediate_region_code": "",
    "intermediate_region_name": "",
    "subregion_code": "061",
    "subregion_name": "Polynesia",
    "region_code": "009",
    "region_name": "Oceania",
    "global_code": "001",
    "global_name": "World",
    "latitude": "-8",
    "longitude": "178"
  },
  {
    "ISOa3": "WLF",
    "country_name": "Wallis and Futuna Islands",
    "intermediate_region_code": "",
    "intermediate_region_name": "",
    "subregion_code": "061",
    "subregion_name": "Polynesia",
    "region_code": "009",
    "region_name": "Oceania",
    "global_code": "001",
    "global_name": "World",
    "latitude": "-13.3",
    "longitude": "-176.2"
  }
]